epoch,D_loss,G_loss,W_rmse,W_mae,W_r2,global_step
1,,,0.12488678097724915,0.09910799562931061,-137.91522216796875,0
