epoch,D_loss,G_loss,W_rmse,W_mae,W_r2,global_step
1,,,0.10579416900873184,0.08097953349351883,-98.68743133544922,0
