epoch,D_loss,G_loss,W_rmse,W_mae,W_r2,global_step
1,,,0.0735454261302948,0.05566953122615814,-47.17572021484375,0
