epoch,D_loss,G_loss,W_rmse,W_mae,W_r2,global_step
1,,,0.09638243913650513,0.07269623875617981,-81.73946380615234,0
