epoch,D_loss,G_loss,W_rmse,W_mae,W_r2,global_step
1,,,0.08197002857923508,0.060099873691797256,-58.84489440917969,0
