epoch,D_loss,G_loss,W_rmse,W_mae,W_r2,global_step
1,,,0.11184481531381607,0.0864485502243042,-110.4162826538086,0
