epoch,D_loss,G_loss,W_rmse,W_mae,W_r2,global_step
1,,,0.05580178275704384,0.04536940157413483,-26.734037399291992,0
