epoch,D_loss,G_loss,W_rmse,W_mae,W_r2,global_step
1,,,0.0667867511510849,0.05040159076452255,-38.72808074951172,0
